{"stats":{"minecraft:crafted":{"minecraft:oak_planks":36,"minecraft:crafting_table":2,"minecraft:spruce_planks":20,"minecraft:stick":8,"minecraft:wooden_pickaxe":1,"minecraft:wooden_axe":1,"minecraft:iron_sword":1},"minecraft:killed_by":{"minecraft:zombie_horse":1,"minecraft:skeleton":6,"minecraft:creeper":1,"minecraft:enderman":1},"minecraft:picked_up":{"minecraft:stick":2,"minecraft:crafting_table":2,"minecraft:oak_log":11,"minecraft:spruce_log":5,"minecraft:dirt":29,"minecraft:light_gray_terracotta":1,"minecraft:gray_terracotta":3,"minecraft:wheat_seeds":2,"minecraft:iron_ingot":1,"minecraft:bread":4,"minecraft:oak_sapling":1,"minecraft:mutton":2,"minecraft:oak_planks":4,"minecraft:white_wool":1},"minecraft:custom":{"minecraft:time_since_rest":6133,"minecraft:interact_with_furnace":1,"minecraft:sprint_one_cm":36139,"minecraft:damage_taken":1656,"minecraft:walk_one_cm":39776,"minecraft:damage_dealt":24,"minecraft:swim_one_cm":15684,"minecraft:interact_with_crafting_table":6,"minecraft:fly_one_cm":34037,"minecraft:open_chest":3,"minecraft:crouch_one_cm":282,"minecraft:play_one_minute":20568,"minecraft:deaths":9,"minecraft:sneak_time":273,"minecraft:walk_under_water_one_cm":864,"minecraft:jump":232,"minecraft:leave_game":1,"minecraft:time_since_death":6073,"minecraft:walk_on_water_one_cm":9263,"minecraft:fall_one_cm":2970},"minecraft:used":{"minecraft:gray_terracotta":3,"minecraft:wooden_axe":2,"minecraft:oak_planks":3,"minecraft:spruce_planks":7,"minecraft:wooden_pickaxe":7,"minecraft:dirt":9,"minecraft:crafting_table":2},"minecraft:mined":{"minecraft:light_blue_stained_glass_pane":2,"minecraft:gray_terracotta":3,"minecraft:blue_stained_glass_pane":2,"minecraft:spruce_log":5,"minecraft:blue_stained_glass":3,"minecraft:crafting_table":2,"minecraft:light_gray_terracotta":1,"minecraft:grass":3,"minecraft:grass_block":4,"minecraft:oak_log":10,"minecraft:dirt":6,"minecraft:oak_leaves":8,"minecraft:spawner":1}},"DataVersion":2586}