{"stats":{"minecraft:crafted":{"minecraft:iron_sword":1,"minecraft:oak_planks":16,"minecraft:crafting_table":1,"minecraft:stick":4,"minecraft:wooden_axe":1},"minecraft:killed_by":{"minecraft:skeleton":4,"minecraft:creeper":1,"minecraft:zombie_horse":1},"minecraft:custom":{"minecraft:time_since_rest":143,"minecraft:open_chest":1,"minecraft:deaths":6,"minecraft:play_one_minute":11610,"minecraft:sprint_one_cm":29265,"minecraft:damage_taken":1261,"minecraft:walk_one_cm":21213,"minecraft:sneak_time":47,"minecraft:jump":173,"minecraft:damage_dealt":24,"minecraft:walk_on_water_one_cm":4714,"minecraft:time_since_death":110,"minecraft:interact_with_crafting_table":5,"minecraft:fall_one_cm":2279,"minecraft:fly_one_cm":30383},"minecraft:picked_up":{"minecraft:stick":2,"minecraft:crafting_table":1,"minecraft:wheat_seeds":2,"minecraft:iron_ingot":1,"minecraft:oak_log":7,"minecraft:bread":4,"minecraft:white_wool":1,"minecraft:mutton":2,"minecraft:oak_planks":4,"minecraft:dirt":5},"minecraft:used":{"minecraft:wooden_axe":2,"minecraft:dirt":4,"minecraft:crafting_table":1,"minecraft:oak_planks":3},"minecraft:mined":{"minecraft:grass":3,"minecraft:grass_block":3,"minecraft:oak_log":6,"minecraft:blue_stained_glass_pane":2,"minecraft:dirt":2,"minecraft:oak_leaves":2,"minecraft:crafting_table":1}},"DataVersion":2586}