{"stats":{"minecraft:killed_by":{"minecraft:skeleton":3,"minecraft:spider":1,"minecraft:zombie_horse":1,"minecraft:enderman":1},"minecraft:picked_up":{"minecraft:bone":2,"minecraft:oak_log":1,"minecraft:dirt":5},"minecraft:custom":{"minecraft:open_chest":1,"minecraft:time_since_rest":3079,"minecraft:crouch_one_cm":74,"minecraft:play_one_minute":15148,"minecraft:walk_one_cm":39911,"minecraft:sprint_one_cm":23773,"minecraft:damage_taken":1005,"minecraft:deaths":6,"minecraft:sneak_time":39,"minecraft:walk_under_water_one_cm":417,"minecraft:drop":2,"minecraft:jump":194,"minecraft:damage_dealt":24,"minecraft:time_since_death":3005,"minecraft:walk_on_water_one_cm":9919,"minecraft:climb_one_cm":655,"minecraft:swim_one_cm":12984,"minecraft:fly_one_cm":29694,"minecraft:fall_one_cm":4081},"minecraft:used":{"minecraft:dirt":4},"minecraft:mined":{"minecraft:grass":3,"minecraft:grass_block":2,"minecraft:oak_log":1,"minecraft:dirt":3,"minecraft:blue_stained_glass":4,"minecraft:oak_leaves":6},"minecraft:dropped":{"minecraft:bone":2}},"DataVersion":2586}