{"stats":{"minecraft:killed_by":{"minecraft:skeleton":1},"minecraft:picked_up":{"minecraft:oak_log":1,"minecraft:dirt":5},"minecraft:custom":{"minecraft:jump":32,"minecraft:time_since_rest":417,"minecraft:deaths":1,"minecraft:walk_on_water_one_cm":5432,"minecraft:play_one_minute":6190,"minecraft:sprint_one_cm":3848,"minecraft:damage_taken":310,"minecraft:time_since_death":376,"minecraft:walk_one_cm":11988,"minecraft:sneak_time":17,"minecraft:walk_under_water_one_cm":60,"minecraft:swim_one_cm":3313,"minecraft:fall_one_cm":1111,"minecraft:fly_one_cm":2544},"minecraft:used":{"minecraft:dirt":4},"minecraft:mined":{"minecraft:grass":3,"minecraft:grass_block":2,"minecraft:oak_log":1,"minecraft:dirt":3}},"DataVersion":2586}