{"stats":{"minecraft:picked_up":{"minecraft:brown_wool":1,"minecraft:mutton":1},"minecraft:custom":{"minecraft:jump":22,"minecraft:time_since_rest":1503,"minecraft:damage_dealt":80,"minecraft:play_one_minute":1503,"minecraft:crouch_one_cm":386,"minecraft:leave_game":2,"minecraft:sprint_one_cm":5134,"minecraft:time_since_death":1503,"minecraft:walk_one_cm":3230,"minecraft:sneak_time":58,"minecraft:mob_kills":1,"minecraft:fall_one_cm":1049,"minecraft:fly_one_cm":4810},"minecraft:killed":{"minecraft:sheep":1}},"DataVersion":2586}