{"stats":{"minecraft:crafted":{"minecraft:oak_planks":24,"minecraft:dark_oak_planks":4,"minecraft:crafting_table":2,"minecraft:stick":8},"minecraft:killed_by":{"minecraft:skeleton":4,"minecraft:creeper":1,"minecraft:spider":1,"minecraft:zombie_horse":1,"minecraft:enderman":1},"minecraft:picked_up":{"minecraft:stick":16,"minecraft:andesite":1,"minecraft:oak_log":7,"minecraft:spruce_log":10,"minecraft:oak_planks":48,"minecraft:dirt":42,"minecraft:cobblestone":4},"minecraft:custom":{"minecraft:time_since_rest":624,"minecraft:open_chest":2,"minecraft:play_one_minute":20601,"minecraft:crouch_one_cm":3446,"minecraft:sprint_one_cm":68844,"minecraft:deaths":8,"minecraft:damage_taken":1291,"minecraft:walk_one_cm":40639,"minecraft:walk_under_water_one_cm":1887,"minecraft:sneak_time":1068,"minecraft:jump":283,"minecraft:damage_dealt":83,"minecraft:walk_on_water_one_cm":10022,"minecraft:leave_game":2,"minecraft:time_since_death":595,"minecraft:climb_one_cm":1818,"minecraft:swim_one_cm":9133,"minecraft:interact_with_crafting_table":1,"minecraft:fall_one_cm":4286,"minecraft:fly_one_cm":56280},"minecraft:used":{"minecraft:dirt":7,"minecraft:dark_oak_log":2,"minecraft:andesite":1},"minecraft:mined":{"minecraft:grass":2,"minecraft:oak_log":7,"minecraft:grass_block":6,"minecraft:white_stained_glass":1,"minecraft:dirt":5,"minecraft:tall_grass":2,"minecraft:spruce_log":5,"minecraft:oak_leaves":1}},"DataVersion":2586}