{"stats":{"minecraft:crafted":{"minecraft:oak_planks":24,"minecraft:dark_oak_planks":4,"minecraft:crafting_table":2,"minecraft:stick":8},"minecraft:picked_up":{"minecraft:oak_log":6,"minecraft:oak_planks":16,"minecraft:dirt":9},"minecraft:killed_by":{"minecraft:skeleton":1,"minecraft:creeper":1},"minecraft:custom":{"minecraft:time_since_rest":25,"minecraft:open_chest":2,"minecraft:play_one_minute":11643,"minecraft:crouch_one_cm":1507,"minecraft:sprint_one_cm":39817,"minecraft:deaths":2,"minecraft:damage_taken":430,"minecraft:walk_one_cm":20019,"minecraft:sneak_time":546,"minecraft:jump":108,"minecraft:damage_dealt":10,"minecraft:leave_game":1,"minecraft:time_since_death":0,"minecraft:climb_one_cm":1818,"minecraft:interact_with_crafting_table":1,"minecraft:fall_one_cm":1765,"minecraft:fly_one_cm":25790},"minecraft:used":{"minecraft:dirt":6,"minecraft:dark_oak_log":2},"minecraft:mined":{"minecraft:grass":1,"minecraft:oak_log":6,"minecraft:grass_block":6,"minecraft:white_stained_glass":1,"minecraft:dirt":3,"minecraft:oak_leaves":1}},"DataVersion":2586}