{"stats":{"minecraft:picked_up":{"minecraft:brown_wool":1,"minecraft:mutton":1},"minecraft:killed":{"minecraft:sheep":1},"minecraft:custom":{"minecraft:jump":9,"minecraft:time_since_rest":624,"minecraft:crouch_one_cm":180,"minecraft:damage_dealt":80,"minecraft:play_one_minute":624,"minecraft:leave_game":1,"minecraft:sprint_one_cm":3371,"minecraft:time_since_death":624,"minecraft:walk_one_cm":976,"minecraft:sneak_time":36,"minecraft:mob_kills":1,"minecraft:fall_one_cm":420,"minecraft:fly_one_cm":1342}},"DataVersion":2586}